question,answer,rag_context
How does IBM support employees in maintaining mental health through paid time off?,IBM offers unlimited PTO with a focus on supporting mental health and work-life balance.,"At IBM, employees have access to a variety of flexible benefits aimed at improving their personal and professional lives. Some of these include remote work flexibility, mental health resources, stipends for wellness and professional development, and even pet-friendly offices. The PTO policy is unlimited, and time off can be used for mental health, vacations, or personal reasons. Team bonding is emphasized through quarterly adventure days. IBM also supports charitable work through paid volunteer days and contributes to student loan repayments. There's a 4-day workweek without a reduction in pay and a customizable benefits suite. Retreats, fitness challenges, green commuting incentives, and support for new parents round out the package. Benefits are tailored to help you thrive both in and outside of work. Employees are encouraged to take advantage of these benefits, which reflect IBM's commitment to well-being, flexibility, and professional growth. The professional development stipend can be used for certifications, online courses, or in-person workshops. IBM’s pet-friendly policy brings warmth to office culture, while wellness stipends can be applied toward gym memberships, meditation apps, or therapy. Flexible work hours empower you to set a schedule that works for your life. Additionally, IBM provides access to life coaches and therapists, funds for social impact initiatives, and supports environmental efforts through green commuting rewards. Whether you are a new parent, a student loan borrower, or someone passionate about giving back, IBM’s broad benefit package is designed to uplift and empower its people."
What flexible work options does IBM provide regarding location?,"IBM allows employees to work from anywhere, including home, coffee shops, or coworking spaces.","At IBM, employees have access to a variety of flexible benefits aimed at improving their personal and professional lives. Some of these include remote work flexibility, mental health resources, stipends for wellness and professional development, and even pet-friendly offices. The PTO policy is unlimited, and time off can be used for mental health, vacations, or personal reasons. Team bonding is emphasized through quarterly adventure days. IBM also supports charitable work through paid volunteer days and contributes to student loan repayments. There's a 4-day workweek without a reduction in pay and a customizable benefits suite. Retreats, fitness challenges, green commuting incentives, and support for new parents round out the package. Benefits are tailored to help you thrive both in and outside of work. Employees are encouraged to take advantage of these benefits, which reflect IBM's commitment to well-being, flexibility, and professional growth. The professional development stipend can be used for certifications, online courses, or in-person workshops. IBM’s pet-friendly policy brings warmth to office culture, while wellness stipends can be applied toward gym memberships, meditation apps, or therapy. Flexible work hours empower you to set a schedule that works for your life. Additionally, IBM provides access to life coaches and therapists, funds for social impact initiatives, and supports environmental efforts through green commuting rewards. Whether you are a new parent, a student loan borrower, or someone passionate about giving back, IBM’s broad benefit package is designed to uplift and empower its people."
How can IBM employees use their monthly wellness stipend?,"Employees can spend their wellness stipend on gym memberships, fitness classes, therapy, or meditation apps.","At IBM, employees have access to a variety of flexible benefits aimed at improving their personal and professional lives. Some of these include remote work flexibility, mental health resources, stipends for wellness and professional development, and even pet-friendly offices. The PTO policy is unlimited, and time off can be used for mental health, vacations, or personal reasons. Team bonding is emphasized through quarterly adventure days. IBM also supports charitable work through paid volunteer days and contributes to student loan repayments. There's a 4-day workweek without a reduction in pay and a customizable benefits suite. Retreats, fitness challenges, green commuting incentives, and support for new parents round out the package. Benefits are tailored to help you thrive both in and outside of work. Employees are encouraged to take advantage of these benefits, which reflect IBM's commitment to well-being, flexibility, and professional growth. The professional development stipend can be used for certifications, online courses, or in-person workshops. IBM’s pet-friendly policy brings warmth to office culture, while wellness stipends can be applied toward gym memberships, meditation apps, or therapy. Flexible work hours empower you to set a schedule that works for your life. Additionally, IBM provides access to life coaches and therapists, funds for social impact initiatives, and supports environmental efforts through green commuting rewards. Whether you are a new parent, a student loan borrower, or someone passionate about giving back, IBM’s broad benefit package is designed to uplift and empower its people."
What is IBM’s policy on the number of days in the workweek?,IBM offers a 4-day workweek without reducing employee pay.,"At IBM, employees have access to a variety of flexible benefits aimed at improving their personal and professional lives. Some of these include remote work flexibility, mental health resources, stipends for wellness and professional development, and even pet-friendly offices. The PTO policy is unlimited, and time off can be used for mental health, vacations, or personal reasons. Team bonding is emphasized through quarterly adventure days. IBM also supports charitable work through paid volunteer days and contributes to student loan repayments. There's a 4-day workweek without a reduction in pay and a customizable benefits suite. Retreats, fitness challenges, green commuting incentives, and support for new parents round out the package. Benefits are tailored to help you thrive both in and outside of work. Employees are encouraged to take advantage of these benefits, which reflect IBM's commitment to well-being, flexibility, and professional growth. The professional development stipend can be used for certifications, online courses, or in-person workshops. IBM’s pet-friendly policy brings warmth to office culture, while wellness stipends can be applied toward gym memberships, meditation apps, or therapy. Flexible work hours empower you to set a schedule that works for your life. Additionally, IBM provides access to life coaches and therapists, funds for social impact initiatives, and supports environmental efforts through green commuting rewards. Whether you are a new parent, a student loan borrower, or someone passionate about giving back, IBM’s broad benefit package is designed to uplift and empower its people."
How does IBM help employees manage student loan debt?,IBM contributes monthly payments to help employees repay their student loans.,"At IBM, employees have access to a variety of flexible benefits aimed at improving their personal and professional lives. Some of these include remote work flexibility, mental health resources, stipends for wellness and professional development, and even pet-friendly offices. The PTO policy is unlimited, and time off can be used for mental health, vacations, or personal reasons. Team bonding is emphasized through quarterly adventure days. IBM also supports charitable work through paid volunteer days and contributes to student loan repayments. There's a 4-day workweek without a reduction in pay and a customizable benefits suite. Retreats, fitness challenges, green commuting incentives, and support for new parents round out the package. Benefits are tailored to help you thrive both in and outside of work. Employees are encouraged to take advantage of these benefits, which reflect IBM's commitment to well-being, flexibility, and professional growth. The professional development stipend can be used for certifications, online courses, or in-person workshops. IBM’s pet-friendly policy brings warmth to office culture, while wellness stipends can be applied toward gym memberships, meditation apps, or therapy. Flexible work hours empower you to set a schedule that works for your life. Additionally, IBM provides access to life coaches and therapists, funds for social impact initiatives, and supports environmental efforts through green commuting rewards. Whether you are a new parent, a student loan borrower, or someone passionate about giving back, IBM’s broad benefit package is designed to uplift and empower its people."
What support does IBM provide for professional development?,"IBM gives employees an annual stipend for training, courses, and certifications.","At IBM, employees have access to a variety of flexible benefits aimed at improving their personal and professional lives. Some of these include remote work flexibility, mental health resources, stipends for wellness and professional development, and even pet-friendly offices. The PTO policy is unlimited, and time off can be used for mental health, vacations, or personal reasons. Team bonding is emphasized through quarterly adventure days. IBM also supports charitable work through paid volunteer days and contributes to student loan repayments. There's a 4-day workweek without a reduction in pay and a customizable benefits suite. Retreats, fitness challenges, green commuting incentives, and support for new parents round out the package. Benefits are tailored to help you thrive both in and outside of work. Employees are encouraged to take advantage of these benefits, which reflect IBM's commitment to well-being, flexibility, and professional growth. The professional development stipend can be used for certifications, online courses, or in-person workshops. IBM’s pet-friendly policy brings warmth to office culture, while wellness stipends can be applied toward gym memberships, meditation apps, or therapy. Flexible work hours empower you to set a schedule that works for your life. Additionally, IBM provides access to life coaches and therapists, funds for social impact initiatives, and supports environmental efforts through green commuting rewards. Whether you are a new parent, a student loan borrower, or someone passionate about giving back, IBM’s broad benefit package is designed to uplift and empower its people."
How does IBM encourage employee involvement in charitable work?,IBM provides paid volunteer days so employees can support causes important to them.,"At IBM, employees have access to a variety of flexible benefits aimed at improving their personal and professional lives. Some of these include remote work flexibility, mental health resources, stipends for wellness and professional development, and even pet-friendly offices. The PTO policy is unlimited, and time off can be used for mental health, vacations, or personal reasons. Team bonding is emphasized through quarterly adventure days. IBM also supports charitable work through paid volunteer days and contributes to student loan repayments. There's a 4-day workweek without a reduction in pay and a customizable benefits suite. Retreats, fitness challenges, green commuting incentives, and support for new parents round out the package. Benefits are tailored to help you thrive both in and outside of work. Employees are encouraged to take advantage of these benefits, which reflect IBM's commitment to well-being, flexibility, and professional growth. The professional development stipend can be used for certifications, online courses, or in-person workshops. IBM’s pet-friendly policy brings warmth to office culture, while wellness stipends can be applied toward gym memberships, meditation apps, or therapy. Flexible work hours empower you to set a schedule that works for your life. Additionally, IBM provides access to life coaches and therapists, funds for social impact initiatives, and supports environmental efforts through green commuting rewards. Whether you are a new parent, a student loan borrower, or someone passionate about giving back, IBM’s broad benefit package is designed to uplift and empower its people."
What benefits does IBM offer to pet owners who work in the office?,IBM has a pet-friendly office where employees can bring their pets to work.,"At IBM, employees have access to a variety of flexible benefits aimed at improving their personal and professional lives. Some of these include remote work flexibility, mental health resources, stipends for wellness and professional development, and even pet-friendly offices. The PTO policy is unlimited, and time off can be used for mental health, vacations, or personal reasons. Team bonding is emphasized through quarterly adventure days. IBM also supports charitable work through paid volunteer days and contributes to student loan repayments. There's a 4-day workweek without a reduction in pay and a customizable benefits suite. Retreats, fitness challenges, green commuting incentives, and support for new parents round out the package. Benefits are tailored to help you thrive both in and outside of work. Employees are encouraged to take advantage of these benefits, which reflect IBM's commitment to well-being, flexibility, and professional growth. The professional development stipend can be used for certifications, online courses, or in-person workshops. IBM’s pet-friendly policy brings warmth to office culture, while wellness stipends can be applied toward gym memberships, meditation apps, or therapy. Flexible work hours empower you to set a schedule that works for your life. Additionally, IBM provides access to life coaches and therapists, funds for social impact initiatives, and supports environmental efforts through green commuting rewards. Whether you are a new parent, a student loan borrower, or someone passionate about giving back, IBM’s broad benefit package is designed to uplift and empower its people."
What type of mental health resources are available to IBM employees?,IBM offers free access to life coaching and licensed therapists for mental health support.,"At IBM, employees have access to a variety of flexible benefits aimed at improving their personal and professional lives. Some of these include remote work flexibility, mental health resources, stipends for wellness and professional development, and even pet-friendly offices. The PTO policy is unlimited, and time off can be used for mental health, vacations, or personal reasons. Team bonding is emphasized through quarterly adventure days. IBM also supports charitable work through paid volunteer days and contributes to student loan repayments. There's a 4-day workweek without a reduction in pay and a customizable benefits suite. Retreats, fitness challenges, green commuting incentives, and support for new parents round out the package. Benefits are tailored to help you thrive both in and outside of work. Employees are encouraged to take advantage of these benefits, which reflect IBM's commitment to well-being, flexibility, and professional growth. The professional development stipend can be used for certifications, online courses, or in-person workshops. IBM’s pet-friendly policy brings warmth to office culture, while wellness stipends can be applied toward gym memberships, meditation apps, or therapy. Flexible work hours empower you to set a schedule that works for your life. Additionally, IBM provides access to life coaches and therapists, funds for social impact initiatives, and supports environmental efforts through green commuting rewards. Whether you are a new parent, a student loan borrower, or someone passionate about giving back, IBM’s broad benefit package is designed to uplift and empower its people."
How frequently does IBM organize team bonding events?,IBM hosts team adventure days once every quarter for team building and fun.,"At IBM, employees have access to a variety of flexible benefits aimed at improving their personal and professional lives. Some of these include remote work flexibility, mental health resources, stipends for wellness and professional development, and even pet-friendly offices. The PTO policy is unlimited, and time off can be used for mental health, vacations, or personal reasons. Team bonding is emphasized through quarterly adventure days. IBM also supports charitable work through paid volunteer days and contributes to student loan repayments. There's a 4-day workweek without a reduction in pay and a customizable benefits suite. Retreats, fitness challenges, green commuting incentives, and support for new parents round out the package. Benefits are tailored to help you thrive both in and outside of work. Employees are encouraged to take advantage of these benefits, which reflect IBM's commitment to well-being, flexibility, and professional growth. The professional development stipend can be used for certifications, online courses, or in-person workshops. IBM’s pet-friendly policy brings warmth to office culture, while wellness stipends can be applied toward gym memberships, meditation apps, or therapy. Flexible work hours empower you to set a schedule that works for your life. Additionally, IBM provides access to life coaches and therapists, funds for social impact initiatives, and supports environmental efforts through green commuting rewards. Whether you are a new parent, a student loan borrower, or someone passionate about giving back, IBM’s broad benefit package is designed to uplift and empower its people."
